Display Name,Display name - nl,Display name - fr,Display name - es,Display name - it,Display name - pt,Display name - cz,Display name - hu,Display name - ro,Display name - pl,Display name - bg,Display name - hr,Display name - gr,Display name - sk
Bexton Wedding Waistcoat White,,,,,,,,,Bexton kamizelka ślubna biała,,,,
Bexton wedding waistcoat kids white,,,,,,,,,Bexton kamizelka ślubna dziecięca biała,,,,
Damask Wedding Waistcoat Silver,,,,,,,,,Damask kamizelka ślubna srebrna,,,,
Damask wedding waistcoat kids black,,,,,,,,,Damask kamizelka ślubna dziecięca czarna,,,,
Damask wedding waistcoat kids champagne,,,,,,,,,Damask kamizelka ślubna dziecięca szampańska,,,,
Damask Wedding Waistcoat Off White,,,,,,,,,Damask kamizelka ślubna złamana biel,,,,
Niels Wedding Waistcoat Silver,,,,,,,,,Niels kamizelka ślubna srebrna,,,,
Niels wedding waistcoat kids champagne,,,,,,,,,Niels kamizelka ślubna dziecięca szampańska,,,,
Damask Wedding Waistcoat Navy,,,,,,,,,Damask kamizelka ślubna granatowa,,,,
Damask wedding waistcoat kids burgundy,,,,,,,,,Damask kamizelka ślubna dziecięca bordowa,,,,
White waistcoat Bexton + cravat + hanky,,,,,,,,,Biała kamizelka ślubna Bexton + fular + poszetka,,,,
Black waistcoat Damask + cravat + hanky,,,,,,,,,Czarna kamizelka ślubna Damask + fular + poszetka,,,,
Silver waistcoat Niels + cravat + hanky,,,,,,,,,Srebrna kamizelka ślubna Niels + fular + poszetka,,,,
White waistcoat Bexton + bow tie + hanky,,,,,,,,,Biała kamizelka ślubna Bexton + muszka + poszetka,,,,
Champagne waistcoat Damask + bow tie + hanky,,,,,,,,,Szampańska kamizelka ślubna Damask + muszka + poszetka,,,,
Off white waistcoat Oscar + bow tie + hanky,,,,,,,,,Złamana biel kamizelka ślubna Oscar + muszka + poszetka,,,,