SKU,Display Name
1000-02,Self-tie orange bow tie
1000-03,Self-tie light red bow tie
1000-09,Self-tie navy bow tie
1000-15,Self-tie black bow tie
1000-37,Self-tie light coral bow tie
1000-39,Self-tie extra light pink bow tie
1000-40,Self-tie red bow tie
2300-05,Blue bow tie
2300-15,Floral bow tie
2300-23,Green paisley bow tie
2300-24,Burgundy paisley bow tie
2300-25,Checkered bow tie
2400-23,Self-tie green paisley bow tie
2400-24,Self-tie burgundy paisley bow tie
2700-07,Dark grey bow tie
2800-05,Blue bow tie
2800-13,Navy dotted bow tie
2800-15,Navy floral bow tie
2800-151,Black bow tie
2800-16,Blue paisley bow tie
2800-17,Burgundy paisley bow tie
2800-18,Orange paisley bow tie
2800-20,Black striped bow tie
2800-21,Burgundy striped bow tie
2800-22,Dark green dotted bow tie
2800-23,Green paisley bow tie
2800-24,Burgundy paisley bow tie
2800-27,Brown bow tie
2800-28,Orange striped bow tie
2900-19,Self-tie grey bow tie
2900-20,Self-tie black striped bow tie
300-01,White bow tie
300-02,Orange bow tie
300-04,Burgundy bow tie
300-05,Dark purple bow tie
300-06,Purple bow tie
300-07,Light purple bow tie
300-08,Turquoise bow tie
300-09,Navy bow tie
300-10,Blue bow tie
300-10-01,Boys white bow tie
300-10-02,Boys orange bow tie
300-10-03,Boys light red bow tie
300-10-04,Boys burgundy bow tie
300-10-05,Boys dark purple bow tie
300-10-06,Boys purple bow tie
300-10-07,Boys light purple bow tie
300-10-08,Boys turquoise bow tie
300-10-09,Boys navy bow tie
300-10-10,Boys blue bow tie
300-10-11,Boys light blue bow tie
300-10-14,Boys creme gold bow tie
300-10-15,Boys black bow tie
300-10-16,Boys lime green bow tie
300-10-17,Boys dark green bow tie
300-10-18,Boys dark silver bow tie
300-10-19,Boys dark brown bow tie
300-10-20,Boys dark pink bow tie
300-10-21,Boys light pink bow tie
300-10-22,Boys brown bow tie
300-10-23,Boys mint green bow tie
300-10-24,Boys apricot bow tie
300-10-25,Boys dark coral bow tie
300-10-26,Boys rust orange bow tie
300-10-28,Boys mint blue bow tie
300-10-29,Boys olive green bow tie
300-10-31,Boys cerise pink bow tie
300-10-33,Boys teal bow tie
300-10-38,Boys light yellow bow tie
300-10-39,Boys extra light pink bow tie
300-10-40,Boys red bow tie
300-10-41,Boys green bow tie
300-10-44,Boys bronze bow tie
300-10-45,Boys silver bow tie
300-10-46,Boys yellow bow tie
300-10-50,Boys grey bow tie
300-10-51,Boys midnight navy bow tie
300-10-52,Boys rose purple bow tie
300-10-53,Boys old pink bow tie
300-10-54,Boys light green bow tie
300-10-56,Boys salmon pink bow tie
300-10-58,Boys dark grey bow tie
300-11,Light blue bow tie
300-13,Dark yellow bow tie
300-14,Creme gold bow tie
300-15,Black bow tie
300-16,Lime green bow tie
300-17,Dark green bow tie
300-18,Dark silver bow tie
300-19,Dark brown bow tie
300-20,Dark pink bow tie
300-21,Light pink bow tie
300-22,Brown bow tie
300-24,Apricot bow tie
300-26,Rust orange bow tie
300-27,Mustard yellow bow tie
300-28,Mint blue bow tie
300-29,Olive green bow tie
300-31,Cerise pink bow tie
300-33,Teal bow tie
300-35,Dark burgundy bow tie
300-37,Light coral bow tie
300-38,Light yellow bow tie
300-39,Extra light pink bow tie
300-40,Red bow tie
300-41,Green bow tie
300-43,Gold bow tie
300-44,Bronze bow tie
300-45,Silver bow tie
300-46,Yellow bow tie
300-48,Coral bow tie
300-50,Grey bow tie
300-51,Midnight navy bow tie
300-52,Rose purple bow tie
300-53,Old pink bow tie
300-55,Off white bow tie
300-56,Salmon pink bow tie
300-57,Pink bow tie
300-Xl-04,Burgundy bow tie XL
300-Xl-09,Navy bow tie XL
300-Xl-39,Extra light pink bow tie XL
3300-31,Burgundy dotted bow tie
3300-32,Navy dotted bow tie
3300-33,Black dotted bow tie
3300-47,Blue paisley bow tie
3300-49,Purple paisley bow tie
3300-50,Yellow paisley bow tie
3300-50- Burnely,Navy striped bow tie
3300-51,White paisley bow tie
3300-52,Navy paisley bow tie
3300-54,White floral bow tie
3300-56,Pink dotted bow tie
3300-56-NEW,Pink dotted bow tie
3300-57,Navy dotted bow tie
3300-60,Red paisley bow tie
3300-61,Black paisley bow tie
3300-62,Black & yellow paisley bow tie
3300-63,Red paisley bow tie
3300-65,Green paisley bow tie
3300-66,Red paisley bow tie
3300-67,Dark red paisley bow tie
3300-68,Dark purple paisley bow tie
3300-69,Black floral bow tie
3300-70,Burgundy bow tie Medallion
3300-71,Dark blue bow tie Medallion
3300-72,Burgundy bow tie Medallion
3300-73,Navy floral bow tie
3300-74,Navy bow tie Sky
3300-75,Burgundy bow tie Sky
3300-76,Orange bow tie Sky
3300-81,Red striped bow tie
3300-82,Grey striped bow tie Herringbone
3400-33,Self-tie black dotted bow tie
3400-43,Self-tie red floral bow tie
3400-44,Self-tie blue floral bow tie
3400-47,Self-tie blue paisley bow tie eric
3400-48,Self-tie blue paisley bow tie john
3400-49,Self-tie purple paisleybow tie
3400-50,Self-tie yellow paisley bow tie
3400-51,Self-tie white paisley bow tie
3400-52,Self-tie navy paisley bow tie
3400-54,Self-tie white floral bow tie
3400-60,Self-tie red paisley bow tie
3400-66,Self-tie burgundy paisley bow tie
3400-67,Self-tie red paisley bow tie
3400-68,Self-tie purple paisley bow tie
3400-73,Self-tie navy floral bow tie
3400-83,Self-tie navy striped bow tie
3700-31,Burgundy dotted bow tie
3700-32,Navy dotted bow tie
3800-31,Burgundy dotted bow tie
3800-37,Brown striped bow tie
3800-58,Navy paisley bow tie
3900-37,Self-tie brown striped bow tie
3900-51,Self-tie white paisley bow tie
400-01,Self-tie white bow tie
400-02,Self-tie orange bow tie
400-03,Self-tie light red bow tie
400-04,Self-tie burgundy bow tie
400-05,Self-tie dark purple bow tie
400-06,Self-tie purple bow tie
400-07,Self-tie light purple bow tie
400-08,Self-tie turquoise bow tie
400-09,Self-tie navy bow tie
400-10,Self-tie blue bow tie
400-11,Self-tie light blue bow tie
400-13,Self-tie dark yellow bow tie
400-14,Self-tie creme gold bow tie
400-15,Self-tie black bow tie
400-16,Self-tie lime green bow tie
400-17,Self-tie dark green bow tie
400-18,Self-tie dark silver bow tie
400-19,Self-tie dark brown bow tie
400-20,Self-tie dark pink bow tie
400-21,Self-tie light pink bow tie
400-22,Self-tie brown bow tie
400-23,Self-tie mint green bow tie
400-24,Self-tie apricot bow tie
400-25,Self-tie dark coral bow tie
400-26,Self-tie rust orange bow tie
400-27,Self-tie mustard yellow bow tie
400-28,Self-tie mint blue bow tie
400-29,Self-tie olive green bow tie
400-31,Self-tie cerise pink bow tie
400-33,Self-tie teal bow tie
400-35,Self-tie dark burgundy bow tie
400-37,Self-tie light coral bow tie
400-38,Self-tie light yellow bow tie
400-39,Self-tie extra light pink bow tie
400-40,Self-tie red bow tie
400-41,Self-tie green bow tie
400-43,Self-tie gold bow tie
400-44,Self-tie bronze bow tie
400-45,Self-tie silver bow tie
400-46,Self-tie yellow bow tie
400-48,Self-tie coral bow tie
400-50,Self-tie grey bow tie
400-51,Self-tie midnight navy bow tie
400-52,Self-tie rose purple bow tie
400-53,Self-tie old pink bow tie
400-54,Self-tie ligh green bow tie
400-55,Self-tie off white bow tie
400-56,Self-tie salmon pink bow tie
400-57,Self-tie pink bow tie
400-58,Self-tie dark grey bow tie
700-01,White bow tie
700-04,Burgundy bow tie
700-05,Dark purple bow tie
700-09,Navy bow tie
700-10,Blue bow tie
700-15,Black bow tie
700-37,Light coral bow tie
700-39,Extra light pink bow tie
700-51,Midnight navy bow tie
700-56,Salmon pink bow tie
800-02,Orange bow tie
800-03,Light red bow tie
800-05,Dark purple bow tie
800-09,Navy bow tie
800-15,Black bow tie
800-21,Light pink bow tie
900-01,Self-tie white bow tie
900-02,Self-tie orange bow tie
900-03,Self-tie red bow tie
900-09,Self-tie navy bow tie
900-15,Self-tie black bow tie
900-21,Self-tie light pink bow tie
900-39,Self-tie extra light pink bow tie
900-49,Self-tie mint yellow bow tie
900-57,Self-tie pink bow tie
BS-300-01,Black dotted bow tie
BS-300-03,Navy dotted bow tie
BS-300-05,Navy dotted bow tie
BS-300-08,Purple dotted bow tie
BS-300-09,Burgundy dotted bow tie
BS-400-04,Self-tie black dotted bow tie
BS-400-05,Self-tie navy dotted bow tie
BS-400-06,Self-tie blue dotted bow tie
BS-400-08,Self-tie purple dotted bow tie
BSB-300-01,Stone blue dotted bow tie
BSB-300-02,Denim blue dotted bow tie
BSB-300-03,Grey dotted bow tie
BSB-400-03,Self-tie grey dotted bow tie
C300-1,Pink bow tie
C300-12,Old pink bow tie
C300-19,Light blue striped bow tie
C300-21,Green striped bow tie
C300-22,Red striped bow tie
C300-4,Blue striped bow tie
C300-5,Brown striped bow tie
C300-8,Blue bow tie
C400-1,Self-tie light pink bow tie
CHR-300-01,Navy Christmas bow tie Santa
CHR-300-02,Green Christmas bow tie Santa
CHR-300-03,Burgundy Christmas bow tie Santa
CHR-300-15,Navy Christmas bow tie Trees
CHR-300-16,Burgundy Christmas bow tie Trees
DT-300-01,Brown dotted bow tie
DT-300-02,Teal dotted bow tie
DT-300-03,Purple dotted bow tie
DT-300-04,Blue dotted bow tie Grenadine
DT-300-06,Blue dotted bow tie Herringbone
DT-300-07,Burgundy dotted bow tie Herringbone
DT-300-09,Navy dotted bow tie Herringbone
DT-400-01,Self-tie dark brown dotted bow tie
DT-400-02,Self-tie teal dotted bow tie
DT-400-03,Self-tie purple dotted bow tie
DT-400-04,Self-tie metal blue dotted bow tie
DT-400-06,Self-tie blue dotted bow tie herringbone
DT-400-07,Self-tie burgundy dotted bow tie herringbone
DT-400-103,Self-tie grey dotted bow tie grenadine
FL-300-04,Turquoise floral bow tie
FL-400-01,Self-tie navy & brown floral bow tie
FL-400-02,Self-tie navy floral bow tie
FL-400-04,Self-tie turquoise floral bow tie
FL-400-06,Self-tie navy floral bow tie
FLR-300-07,Light blue floral bow tie
FLR-300-09,Burgundy floral bow tie
FLR-400-01,Self-tie white floral bow tie
FLR-400-05,Self-tie orange floral bow tie
FLR-400-06,Self-tie green floral bow tie
FLR-400-07,Self-tie brown floral bow tie
FLR-400-08,Self-tie light blue floral bow tie
FLR-400-09,Self-tie burgundy floral bow tie
FR300-1,White bow tie Tailcoat
FTG300-1,Navy & silver striped bow tie
FTG300-11,Navy & burgundy striped bow tie
FTG300-12,Blue & yellow striped bow tie
FTG300-13,Black & pink striped bow tie
FTG300-2-red and silver,Red & silver striped bow tie
FTG300-3,Blue & silver striped bow tie
FTG300-4,Orange & white striped bow tie
FTG300-5,Light blue & white striped bow tie
FTG300-9,Green & yellow striped bow tie
GD-300-02,Navy bow tie Grenadine
GD-300-03,Burgundy bow tie Grenadine
GD-300-04,Dark green bow tie Grenadine
HB-400-01,Self-tie grey bow tie herringbone
HB-400-02,Self-tie navy bow tie herringbone
HB-400-04,Self-tie brown bow tie herringbone
ITS300-04,Navy floral bow tie Spezia
ITS300-06,Brown floral bow tie Spezia
ITS300-112,Bow tie Camo
ITS300-116,Black bow tie Velvet
ITS300-117,White bow tie Tailcoat
ITS300-118,Black bow tie
ITS300-119,White bow tie
ITS300-34,Moss green bow tie
ITS300-35,Dark brown bow tie Herringbone
ITS300-36,Dark green bow tie Herringbone
ITS300-37,Navy bow tie Herringbone
ITS300-39,Burgundy bow tie Herringbone
ITS300-40,Brown bow tie Herringbone
ITS300-43,Dark green Christmas bow tie
ITS300-47,Dark brown bow tie Elegante
ITS300-49,Navy paisley bow tie Toscana
ITS300-56,Orange floral bow tie Fiori
ITS300-57,Blue floral bow tie Fiori
ITS300-58,Dark green floral bow tie Fiori
ITS300-59,Navy floral bow tie Fiori
ITS300-62,Brown bow tie Elegante
ITS300-65,Navy bow tie Grenadine
ITS400-04,Self-tie navy floral bow tie spezia
ITS400-06,Self-tie brown floral bow tie spezia
ITS400-112,Self-tie bow tie camo
ITS400-116,Self-tie black bow tie velvet
ITS400-117,Self-tie white bow tie tailcoat
ITS400-118,Self-tie black bow tie
ITS400-34,Self-tie moss green bow tie
ITS400-35,Self-tie dark brown bow tie herringbone
ITS400-36,Self-tie dark green bow tie herringbone
ITS400-37,Self-tie navy bow tie herringbone
ITS400-38,Self-tie dark grey bow tie herringbone
ITS400-39,Self-tie burgundy bow tie herringbone
ITS400-40,Self-tie brown bow tie herringbone
ITS400-42,Self-tie navy christmas bow tie
ITS400-43,Self-tie dark green christmas bow tie
ITS400-44,Self-tie burgundy christmas bow tie
ITS400-45,Self-tie black christmas bow tie
ITS400-47,Self-tie dark brown bow tie elegante
ITS400-49,Self-tie navy paisley bow tie toscana
ITS400-50,Self-tie burgundy paisley bow tie monza
ITS400-53,Self-tie brown paisley bow tie bergamo
ITS400-56,Self-tie orange floral bow tie fiori
ITS400-57,Self-tie light blue floral bow tie fiori
ITS400-58,Self-tie green floral bow tie fiori
ITS400-59,Self-tie navy floral bow tie fiori
ITS400-62,Self-tie brown bow tie elegante
ITS400-65,Self-tie navy bow tie grenadine
KS400-5,Dark purple bow tie Knitted
KS400-56,Coral bow tie Knitted
KS600-10,Self-tie blue bow tie knitted
KS600-53,Self-tie grey bow tie knitted
KS600-55,Self-tie light blue bow tie knitted
KS600-56,Self-tie coral bow tie knitted
KW400-15,Black bow tie Knitted
KW400-6,Harbor grey bow tie Knitted
KW400-7,Antique grey bow tie Knitted
KW600-6,Self-tie harbor grey bow tie knitted
NO-300-02,Light blue bow tie Airplane
NO-300-03,Navy bow tie ducks
NO-300-05,Navy bow tie French Lily
NO-300-06,Burgundy bow tie French Lily
NO-300-07,Dark green bow tie Golfer
NO-300-09,Navy bow tie Swedish Flag
NO-300-10,Navy bow tie Pheasant
NO-300-10-15,Boys striped bow tie Norway
NO-300-10-22,Boys navy bow tie Danish Flag
NO-300-10-23,Boys navy bow tie Finnish Flag
NO-300-10-24,Boys burgundy bow tie German Flag
NO-300-10-25,Boys navy bow tie British Flag
NO-300-10-26,Boys navybow tie Swedish Flag
NO-300-10-40,Boys yellow bow tie Swedish National Team
NO-300-11,Navy bow tie Sailboats
NO-300-13,Navy bow tie Deers
NO-300-14,Silver bow tie Leopard
NO-300-17,Navy bow tie Bikes
NO-300-18,Navy bow tie Guns & Lips
NO-300-19,Black bow tie Sharks
NO-300-23,Navy bow tie Finnish Flag
NO-300-24,Burgundy bow tie German Flag
NO-300-26,Navy bow tie Swedish Flag
NO-300-30,Navy bow tie Music
NO-300-31,Dark green bow tie Tennis
NO-300-32,Brown bow tie Leopard
NO-300-34,Navy bow ties Cars
NO-300-35,Navy bow ties Motorcycles
NO-300-37,Navy bow ties Guitars
NO-300-39,Navy bow ties Eagles
NO-300-40,Yellow bow tie Swedish National Team
NO-400-14,Self-tie silver bow tie leopard
NO-400-15,Self-tie striped bow tie norway
NO-400-21,Self-tie navy bow tie norwegian flag
NO-400-22,Self-tie navy bow tie danish flag
NO-400-23,Self-tie navy bow tie finnish flag
NO-400-24,Self-tie burgundy bow tie german flag
NO-400-32,Self-tie brown bow tie leopard
P300-10-13,Boys white dotted bow tie
P300-10-4,Boys pink dotted bow tie
P300-100,White bow tie
P300-104,Burgundy bow tie
P300-105,Dark purple bow tie
P300-106,Purple bow tie
P300-108,Turquoise bow tie
P300-109,Navy bow tie
P300-111,Light blue bow tie
P300-114,Creme gold bow tie
P300-115,Black bow tie
P300-117,Dark green bow tie
P300-118,Silver bow tie
P300-120,Pink bow tie
P300-121,Light pink bow tie
P300-123,Mint green bow tie
P300-124,Apricot bow tie
P300-125,Dark pink bow tie
P300-127,Creme yellow bow tie
P300-128,Mint blue bow tie
P300-138,Light yellow bow tie
P300-139,Extra light pink bow tie
P300-140,Red bow tie
P300-144,Gold bow tie
P300-150,Off white bow tie
P300-151,Ocean blue bow tie
P3300-1,Burgundy dotted bow tie
P3300-10,Yellow dotted bow tie
P3300-11,Brown dotted bow tie
P3300-12,Grey dotted bow tie
P3300-13,White dotted bow tie
P3300-2,Navy dotted bow tie
P3300-5,Dark purple dotted bow tie
P3300-6,Blue dotted bow tie
P3300-7,Red dotted bow tie
P3300-9,Light blue dotted bow tie
P3400-10,Self-tie yellow dotted bow tie
P3400-11,Self-tie brown dotted bow tie
P3400-12,Self-tie grey dotted bow tie
P3400-13,Self-tie white dotted bow tie
P3400-5,Self-tie dark purple dotted bow tie
P3400-6,Self-tie blue dotted bow tie
P3400-9,Self-tie light blue dotted bow tie
P400-102,Self-tie orange bow tie
P400-105,Self-tie dark purple bow tie
P400-114,Self-tie creme gold bow tie
P400-116,Self-tie apple green bow tie
PB-300-3,Red bow tie Glitter & Party
PB-300-4,Blue bow tie Glitter & Party
PB-300-5,Silver bow tie Glitter & Party
PB-300-6,Gold bow tie Glitter & Party
PFL-300-103,Blue striped bow tie
PFL-300-104,Red striped bow tie
PFL-300-184,Burgundy floral bow tie
PFL-300-185,Red floral bow tie
PFL-300-187,Light blue floral bow tie
PFL-300-189,Pink floral bow tie
PSLY300-201,White paisley bow tie
PSLY300-204,Burgundy paisley bow tie
PSLY300-208,Turquoise paisley bow tie
PSLY300-209,Navy paisley bow tie
PSLY300-214,Creme gold paisley bow tie
PSLY300-215,Black paisley bow tie
PSLY300-218,Silver paisley bow tie
PSLY300-223,Mint green paisley bow tie
PSLY300-224,Apricot paisley bow tie
PSLY300-237,Light coral paisley bow tie
PSLY300-239,Extra light pink paisley bow tie
PSLY300-240,Red paisley bow tie
PSLY300-246,Off white paisley bow tie
PSLY400-208,Self-tie turquoise paisley bow tie
PSLY400-215,Self-tie black paisley bow tie
PSLY400-218,Self-tie silver paisley bow tie
PSLY400-220,Self-tie pink paisley bow tie
PSLY400-224,Self-tie apricot paisley bow tie
PSLY400-237,Self-tie light coral paisley bow tie
PSLY400-238,Self-tie light yellow paisley bow tie
PSLY400-239,Self-tie extra light pink paisley bow tie
PSLY400-240,Self-tie red paisley bow tie
PSLY400-246,Self-tie off white paisley bow tie
PSS-300-01,Red paisley bow tie
PSS-300-02,Brown paisley bow tie
PSS-300-03,Ice blue paisley bow tie
PSS-300-04,Black paisley bow tie
PSS-300-05,Blue paisley bow tie
PSS-400-01,Self-tie red paisley bow tie
PSS-400-02,Self-tie brown paisley bow tie
PSS-400-03,Self-tie ice blue paisley bow tie
PSS-400-04,Self-tie black paisley bow tie
PSS-400-05,Self-tie blue paisley bow tie
SB-3300-36,Dark purple paisley bow tie
SB-3300-45,Light blue floral bow tie
SB-3400-45,Self-tie light blue floral bow tie
ST-300-07,Grey floral bow tie Anemone
ST-400-07,Self-tie grey floral bow tie anemone
TY-0911-031 roses black,Black floral bow tie
VE300-01,White bow tie Bexton
VE300-02,Champagne bow tie Bexton
VE300-03,Silver bow tie Bexton
VE300-04,Silver bow tie Damask
VE300-05,Black bow tie Damask
VE300-06,Champagne bow tie Damask
VE300-07,Off white bow tie Damask
VE300-08,White bow tie Damask
VE300-09,White bow tie Niels
VE300-10,Silver bow tie Niels
VE300-10-01,Boys white bow tie Bexton
VE300-10-02,Boys champagne bow tie Bexton
VE300-10-03,Boys silver bow tie Bexton
VE300-10-04,Boys silver bow tie Damask
VE300-10-05,Boys black bow tie Damask
VE300-10-06,Boys champagne bow tie Damask
VE300-10-07,Boys off white bow tie Damask
VE300-10-08-,Boys white bow tie Damask
VE300-10-09,Boys white bow tie Niels
VE300-10-10,Boys silver bow tie Niels
VE300-10-11,Boys champagne bow tie Niels
VE300-10-12,Boys white bow tie Oscar
VE300-10-13,Boys silver bow tie Oscar
VE300-10-14,Boys off white bow tie Oscar
VE300-10-15,Boys navy bow tie Damask
VE300-10-15-1,Boys navy bow tie Oscar
VE300-10-16,Boys burgundy bow tie Damask
VE300-10-17,Boys gold bow tie Damask
VE300-10-18,Boys black bow tie Satin
VE300-11,Champagne bow tie Niels
VE300-13,Silver bow tie Oscar
VE300-14,Off white bow tie Oscar
VE300-15,Navy bow tie Damask
VE300-15-,Navy bow tie Oscar
VE300-16,Burgundy bow tie Damask
VE300-17,Gold bow tie Damask
VE300-18,Black bow tie Satin
VE400-02,Self-tie champagne bow tie bexton
VE400-03,Self-tie silver bow tie bexton
VE400-04,Self-tie silver bow tie damask
VE400-05,Self-tie black bow tie damask
VE400-06,Self-tie champagne bow tie damask
VE400-07,Self-tie off white bow tie damask
VE400-08,Self-tie white bow tie damask
VE400-09,Self-tie white bow tie niels
VE400-10,Self-tie silver bow tie niels
VE400-11,Self-tie champagne bow tie niels
VE400-12,Self-tie white bow tie oscar
VE400-14,Self-tie off white bow tie oscar
VE400-15,Self-tie navy bow tie damask
VE400-15-1,Self-tie navy bow tie oscar
VE400-18,Self-tie black bow tie satin
VLT-300-01,Bone white bow tie Velvet
VLT-300-02,Champagne bow tie Velvet
VLT-300-03,Gold bow tie Velvet
VLT-300-05,Silver bow tie Velvet
VLT-300-06,Brown bow tie Velvet
VLT-300-07,Yellow bow tie Velvet
VLT-300-08,Dark green bow tie Velvet
VLT-300-09,Light pink bow tie Velvet
VLT-300-10,Old pink bow tie Velvet
VLT-300-11,Pink bow tie Velvet
VLT-300-12,Light purple bow tie Velvet
VLT-300-13,Purple bow tie Velvet
VLT-300-14,Dark purple bow tie Velvet
VLT-300-15,Red bow tie Velvet
VLT-300-16,Cherry bow tie Velvet
VLT-300-17,Burgundy bow tie Velvet
VLT-300-18,Mulberry bow tie Velvet
VLT-300-19,Grey bow tie Velvet
VLT-300-20,Dark grey bow tie Velvet
VLT-300-21,Blue bow tie Velvet
VLT-300-22,Blue bow tie Velvet
VLT-300-23,Navy bow tie Velvet
VLT-300-24,Black bow tie Velvet
VLT-300-25,White bow tie Velvet
XM-300-1,Black Christmas bow tie Decor
XM-300-3,Navy Christmas bow tie Santas
XM-300-5,Red Christmas bow tie Merry
XM-300-6,Green Christmas bow tie Santas
XM-600-1,Boys black Christmas bow tie Decor
XM-600-2,Boys navy Christmas bow tie Reindeer
XM-600-3,Boys navy Christmas bow tie Santas
XM-600-4,Boys Christmas bow tie Rudolf
XM-600-5,Boys red Christmas bow tie Merry
XM-600-6,Boys green Christmas bow tie Santas