Product ID,SKU,Display Name,Display name - nl
2739,100-500-01,White tie & hanky,Witte stropdas & pochet
2738,100-500-02,Orange tie & hanky,Oranje stropdas & pochet
2740,100-500-04,Burgundy tie & hanky,Bordeaux stropdas & pochet
2741,100-500-05,Dark purple tie & hanky,Donkerpaarse stropdas & pochet
4448,100-500-06,Purple tie & hanky,Paarse stropdas & pochet
4449,100-500-07,Light purple tie & hanky,Lichtpaarse stropdas & pochet
4450,100-500-08,Turquoise tie & hanky,Turquoise stropdas & pochet
4451,100-500-09,Navy tie & hanky,Navy stropdas & pochet
4452,100-500-10,Blue tie & hanky,Blauwe stropdas & pochet
4454,100-500-11,Light blue tie & hanky,Lichtblauwe stropdas & pochet
4455,100-500-13,Dark yellow tie & hanky,Donkergele stropdas & pochet
4456,100-500-14,Creme gold tie & hanky,Crème-gouden stropdas & pochet
4458,100-500-15,Black tie & hanky,Zwarte stropdas & pochet
4459,100-500-16,Lime green tie & hanky,Limoengroene stropdas & pochet
4460,100-500-17,Dark green tie & hanky,Donkergroene stropdas & pochet
6859,100-500-18,Dark silver tie & hanky,Donkerzilver stropdas & pochet
4463,100-500-19,Dark brown tie & hanky,Donkerbruine stropdas & pochet
4864,100-500-21,Light pink tie & hanky,Lichtroze stropdas & pochet
4865,100-500-22,Brown tie & hanky,Bruine stropdas & pochet
4867,100-500-24,Apricot tie & hanky,Abrikozen stropdas & pochet
4868,100-500-26,Rust orange tie & hanky,Roestoranje stropdas & pochet
4870,100-500-27,Mustard yellow tie & hanky,Mosterdgele stropdas & pochet
4873,100-500-29,Olive green tie & hanky,Olijfgroene stropdas & pochet
5262,100-500-31,Cerise pink tie & hanky,Cerise roze stropdas & pochet
5386,100-500-33,Teal tie & hanky,Teal stropdas & pochet
6055,100-500-38,Light yellow tie & hanky,Lichtgele stropdas & pochet
6056,100-500-39,Extra light pink tie & hanky,Extra lichtroze stropdas & pochet
6357,100-500-40,Red tie & hanky,Rode stropdas & pochet
6359,100-500-41,Green tie & hanky,Groene stropdas & pochet
6360,100-500-44,Bronze tie & hanky,Brons stropdas & pochet
6698,100-500-45,Silver tie & hanky,Zilveren stropdas & pochet
7058,100-500-50,Grey tie & hanky,Grijze stropdas & pochet
7060,100-500-51,Midnight navy tie & hanky,Middernacht blauwe stropdas & pochet
7062,100-500-52,Rose purple tie & hanky,Rozenpaarse stropdas & pochet
6699,100-500-53,Old pink tie & hanky,Oudroze stropdas & pochet
7061,100-500-55,Off white tie & hanky,Off-white stropdas & pochet
7063,100-500-56,Salmon pink tie & hanky,Zalmroze stropdas & pochet
4453,200-500-01,Skinny white tie & hanky,Smalle witte stropdas & pochet
4457,200-500-02,Skinny orange tie & hanky,Smalle oranje stropdas & pochet
4461,200-500-04,Skinny burgundy tie & hanky,Smalle bordeauxrode stropdas & pochet
4866,200-500-05,Skinny dark purple tie & hanky,Smalle donkerpaarse stropdas & pochet
4869,200-500-06,Skinny purple tie & hanky,Smalle paarse stropdas & pochet
4872,200-500-07,Skinny light purple tie & hanky,Smalle lichtpaarse stropdas & pochet
5261,200-500-08,Skinny turquoise tie & hanky,Smalle turquoise stropdas & pochet
5651,200-500-09,Skinny navy tie & hanky,Smalle marineblauwe stropdas & pochet
5654,200-500-10,Skinny blue tie & hanky,Smalle blauwe stropdas & pochet
5953,200-500-11,Skinny light blue tie & hanky,Smalle lichtblauwe stropdas & pochet
6358,200-500-13,Skinny dark yellow tie & hanky,Smalle donkergele stropdas & pochet
6700,200-500-14,Skinny creme gold tie & hanky,Smalle crème-gouden stropdas & pochet
6703,200-500-15,Skinny black tie & hanky,Smalle zwarte stropdas & pochet
6705,200-500-16,Skinny lime green tie & hanky,Smalle limoen groene stropdas & pochet
6707,200-500-17,Skinny dark green tie & hanky,Smalle donkergroene stropdas & pochet
6708,200-500-18,Skinny dark silver tie & hanky,Smalle donkerzilver stropdas & pochet
6709,200-500-19,Skinny dark brown tie & hanky,Smalle donkerbruine stropdas & pochet
6710,200-500-21,Skinny light pink tie & hanky,Smalle lichtroze stropdas & pochet
6711,200-500-22,Skinny brown tie & hanky,Smalle bruine stropdas & pochet
6713,200-500-24,Skinny apricot tie & hanky,Smalle abrikozen stropdas & pochet
6714,200-500-26,Skinny rust orange tie & hanky,Smalle roestoranje stropdas & pochet
6715,200-500-27,Skinny mustard yellow tie & hanky,Smalle mosterdgele stropdas & pochet
6723,200-500-29,Skinny olive green tie & hanky,Smalle olijfgroene stropdas & pochet
6722,200-500-31,Skinny cerise pink tie & hanky,Smalle cerise roze stropdas & pochet
6721,200-500-33,Skinny teal tie & hanky,Smalle teal stropdas & pochet
6718,200-500-38,Skinny light yellow tie & hanky,Smalle lichtgele stropdas & pochet
6717,200-500-39,Skinny extra light pink tie & hanky,Smalle extra lichtroze stropdas & pochet
6716,200-500-40,Skinny red tie & hanky,Smalle rode stropdas & pochet
6706,200-500-41,Skinny green tie & hanky,Smalle groene stropdas & pochet
6704,200-500-44,Skinny bronze tie & hanky,Smalle bronzen stropdas & pochet
6702,200-500-45,Skinny silver tie & hanky,Smalle zilveren stropdas & pochet
7075,200-500-50,Skinny grey tie & hanky,Smalle grijze stropdas & pochet
7064,200-500-51,Skinny midnight navy tie & hanky,Smalle middernacht blauwe stropdas & pochet
7066,200-500-52,Skinny Rose purple tie & hanky,Smalle rozenpaarse stropdas & pochet
6701,200-500-53,Skinny old pink tie & hanky,Smalle oudroze stropdas & pochet
7068,200-500-55,Skinny off white tie & hanky,Smalle off-white stropdas & pochet
7069,200-500-56,Skinny salmon pink tie & hanky,Smalle zalmroze stropdas & pochet
6839,Set - Dusty Orange,Tie & hanky Dusty Orange,Stropdas & pochet Dusty Orange
6845,Set - Heritage Brown,Tie & hanky Heritage Brown,Stropdas & pochet Heritage Brown
6848,Set - Imperial Silk,Tie & hanky Imperial Silk,Stropdas & pochet Imperial Silk
6855,Set - Midnight Garden,Tie & hanky Midnight Garden,Stropdas & pochet Midnight Garden
7082,Set - Navy Elegance,Tie & hanky Navy Elegance,Stropdas & pochet Navy Elegance
6857,Set - Ocean Breeze,Tie & hanky Ocean Breeze,Stropdas & pochet Ocean Breeze
6854,Set - Regal Paisley,Tie & hanky Regal Paisley,Stropdas & pochet Regal Paisley
6852,Set - Royal Bloom,Tie & hanky Royal Bloom,Stropdas & pochet Royal Bloom
6850,Set - Royal forest,Tie & hanky Royal forest,Stropdas & pochet Royal Forest
6849,Set - Royal Paisley,Tie & hanky Royal Paisley,Stropdas & pochet Royal Paisley
6844,Set - Stripes Noir,Tie & hanky Todi,Stropdas & pochet Todi
6842,Set - Vintage Bloom,Tie & hanky Vintage Bloom,Stropdas & pochet Vintage Bloom
